fold,train_accuracy,test_accuracy,train_f1,test_f1,train_pearson,test_pearson
1,0.7316781609195402,0.7421268827019626,0.735736279659482,0.7392708814028611,0.5166857333908509,0.5017327571180107
2,0.7545982098947576,0.7095550189720593,0.7646004340032079,0.6788710907704043,0.5680597617183243,0.45364765997374684
3,0.7864593583940169,0.6008953168044077,0.7840796019900498,0.6216127979105452,0.6287881852646979,0.2380153547867712
4,0.776413982717989,0.686675919500347,0.7671064743786438,0.7137876386687797,0.6164812882893177,0.42987973081042624
5,0.806822361162192,0.654337899543379,0.8108740660725537,0.6600808262236192,0.670179592404928,0.3690339338915229
