fold,train_accuracy,test_accuracy,train_f1,test_f1,train_pearson,test_pearson
1,0.6869885057471264,0.5746234596074852,0.6558835422563688,0.5861456483126111,0.4431750956756902,0.20204685370473274
2,0.6799449198386938,0.5477750948602966,0.7258173238961915,0.5736585365853658,0.44739723875324383,0.1688373692375197
3,0.657646132651053,0.5389118457300276,0.6662829736211031,0.49831397527163734,0.3868062566463115,0.1081227958801289
4,0.6930479183032208,0.5759888965995836,0.6761292996270203,0.5559593023255814,0.46814788058191525,0.17872974159006802
5,0.6512504597278411,0.5611872146118722,0.6114923691488272,0.6000832292967124,0.36689356377417204,0.18295785616575896
