fold,train_mse,test_mse,train_pearson,test_pearson
1,0.01951219309655329,0.04135689013681023,0.6741355780354994,0.3646219119495658
2,0.024652842678132912,0.0315616818264739,0.5638503713249046,0.40166423009861696
3,0.021316285573824208,0.021544072144240523,0.6982015745859721,0.35540649746366987
4,0.023337171164152064,0.03251343946846846,0.6285607255572109,0.2771562715741826
5,0.02185543090327936,0.03857868962275433,0.6216151529381277,0.2501722570464751
