fold,train_mse,test_mse,train_pearson,test_pearson
1,0.010506081232878575,0.024878160619822946,0.5102454171242721,0.39793946762926513
2,0.011383354257595627,0.010037970374990119,0.6128201647386825,0.3718628438743805
3,0.007318792685757217,0.014619475622617905,0.7687604127050529,0.29723914263544493
4,0.012603144357788403,0.011623257351508204,0.5190492182661933,0.27300535752584665
5,0.007394526990176995,0.01978486488825417,0.7281512087840123,0.239774747595637
