fold,train_accuracy,test_accuracy,train_f1,test_f1,train_pearson,test_pearson
1,0.7628505747126437,0.6335006846188955,0.7617111706550864,0.6141278231619414,0.5895023429589011,0.3158958981265637
2,0.7244024786072588,0.6481545360469128,0.7463335143943509,0.6133434420015162,0.5158059714210629,0.33569846458372565
3,0.7598897854753002,0.6587465564738292,0.7606435157936041,0.6936630602782071,0.5969305043270984,0.3502877133858453
4,0.7925176747839748,0.6797362942401111,0.7837920802210171,0.7017770597738288,0.6546018362650765,0.3771469631516368
5,0.7270136079440971,0.6228310502283105,0.7358775909616582,0.5652631578947368,0.5102297630793806,0.2692378333887026
