fold,train_accuracy,test_accuracy,train_f1,test_f1,train_pearson,test_pearson
1,0.6834942528735632,0.6074851665905979,0.6526039563988696,0.6174377224199288,0.41289673236284824,0.30273601734619093
2,0.7030589161011115,0.6012418075198345,0.7306628602016237,0.5920959774170783,0.4422890969887876,0.31920993968807493
3,0.7258413698090928,0.5578512396694215,0.7431784660766961,0.599000624609619,0.519865093485062,0.23235170452093137
4,0.6864689709347996,0.5409437890353921,0.7095952705775352,0.615071283095723,0.43703700635730297,0.09648109424816806
5,0.7032916513424053,0.5095890410958904,0.6710834777290796,0.5196779964221825,0.4564233980946862,0.11361282567638767
