fold,train_mse,train_pearson,test_mse,test_pearson
1,0.019727989875326805,0.6561916410891963,0.030007210141363188,0.6305767542753584
2,0.022814391086579393,0.6120529518339911,0.02877871703219483,0.49420397062908694
3,0.020209895496367675,0.707541415926998,0.024138198354715597,0.32887288867319714
4,0.018857916977634795,0.7004126386485885,0.027699300419771086,0.47966295644117707
5,0.018106988801575543,0.700509340689287,0.030390222623762057,0.5548538731029122
