fold,train_mse,train_pearson,test_mse,test_pearson
1,0.01234631540955891,0.3344665123081686,0.02779732519890937,0.30489890106790624
2,0.009368665613414037,0.6980959558123461,0.012559142341840454,0.15184624185606369
3,0.012372373017843791,0.547527953196343,0.012839502543674873,0.2397699967482571
4,0.008916555970182602,0.7174369823724944,0.014805819814807988,0.17136399765301397
5,0.010574129022484736,0.6033163252841276,0.019505362689023916,0.25156720322950055
