fold,train_mse,test_mse,train_pearson,test_pearson
1,0.024441568513853262,0.04376851694590673,0.5582208758897954,0.3169699094087175
2,0.031607905836849234,0.03413217347186308,0.3578100264686618,0.3044025509857675
3,0.02201523213796198,0.023098414096139344,0.6870555170709656,0.3139947118049503
4,0.01727559186287211,0.032591409769343334,0.7501591714136255,0.30844646262132197
5,0.028079885586780904,0.03878552687166391,0.47506878994341034,0.27063347233902807
