fold,train_mse,test_mse,train_pearson,test_pearson
1,0.011807359156791241,0.026966057658096447,0.4177965360982922,0.3963656487587092
2,0.014232116933316812,0.010954526034955118,0.4754190634366046,0.19200569843510817
3,0.01194335504168195,0.011615114718125574,0.5659676803541375,0.3884750965690344
4,0.012495078306944511,0.011552101022278187,0.5589948388801789,0.29887241374313134
5,0.012040839356819884,0.019997249892190393,0.5389104092478841,0.25179393705390124
