Fold,Accuracy,F1,Pearson_Corr
1,0.7252396166134185,0.6808059384941676,0.5317463289496367
2,0.7478440841669541,0.7104950495049505,0.537233958011291
3,0.6570247933884298,0.6990936555891238,0.38324475246671535
4,0.7130464954892436,0.7451463790446842,0.4773878674150606
5,0.7351598173515982,0.7016460905349794,0.5302766433550571
Mean ± Std,0.7157 ± 0.0315,0.7074 ± 0.0212,0.4920 ± 0.0585
