Fold,Accuracy,F1,Pearson_Corr
1,0.6380648105887723,0.6486486486486487,0.38849291433729005
2,0.659537771645395,0.6307519640852974,0.38571805724298275
3,0.6336088154269972,0.6180904522613065,0.32713452766474177
4,0.6006245662734212,0.4761037778789258,0.2746659396237517
5,0.5219178082191781,0.5118881118881119,0.16370190088232245
Mean ± Std,0.6108 ± 0.0483,0.5771 ± 0.0695,0.3079 ± 0.0834
