Fold,MSE,Pearson_Corr
1,0.03178178088925668,0.5817101406799425
2,0.026146298807729115,0.5622876282620768
3,0.021438723600465795,0.41939355795588873
4,0.02631261630117405,0.5022082924990298
5,0.027756059759715023,0.5668916999221028
Mean ± Std,0.0267 ± 0.0033,0.5265 ± 0.0600
