Fold,MSE,Pearson_Corr
1,0.020650146631209485,0.5137909197166798
2,0.010391041930360261,0.40258866877426547
3,0.01246163701158158,0.4284033282062955
4,0.011667632358869294,0.3486535712497382
5,0.01767015327379362,0.33037945927981943
Mean ± Std,0.0146 ± 0.0039,0.4048 ± 0.0650
