fold,train_accuracy,test_accuracy,train_f1,test_f1,train_pearson,test_pearson
1,0.6988505747126437,0.5979005020538567,0.689602881243484,0.5971650663008687,0.4678459159267077,0.26657096170637484
2,0.7046326349955739,0.5891686788547775,0.7166179107294517,0.5784070796460177,0.47865196353284845,0.2612663321598061
3,0.7616610903365479,0.5378787878787878,0.7724967123802368,0.5687660668380463,0.5900422125983368,0.14233689639377345
4,0.6691869599371564,0.594031922276197,0.6189345096708517,0.5851063829787234,0.40000945755084133,0.3092823172086604
5,0.6887642515630746,0.5963470319634703,0.6998847415551024,0.5926267281105991,0.44119879391773137,0.24729299115513934
