fold,train_accuracy,test_accuracy,train_f1,test_f1,train_pearson,test_pearson
1,0.6359540229885058,0.5750798722044729,0.4828216851730895,0.4920894708128751,0.3692791974140641,0.3247431990811913
2,0.6774859840660962,0.515695067264574,0.7000823195829141,0.5195071868583162,0.40621689151003687,0.1340751893147913
3,0.63196221216296,0.6615013774104683,0.564000932618326,0.537846732487071,0.36392641531572684,0.32595532486889084
4,0.6968774548311076,0.6138098542678695,0.6725363318128779,0.5860914838229825,0.46539162436271136,0.2672982982563893
5,0.6735012872379551,0.4817351598173516,0.609737333772942,0.4718473708701722,0.4121783408783497,0.09674726059302693
